,coef,std_err,t,p_value,ci_low,ci_high,p_value_clustered
Intercept,3.516,2.007,1.752,0.081,-0.442,7.474,0.123
FIFA_Points_Diff,0.003,0.0,8.056,0.0,0.002,0.004,0.0
Stage_Level,0.15,0.209,0.717,0.474,-0.263,0.563,0.506
Rest_Days,-0.137,0.136,-1.009,0.314,-0.404,0.131,0.288
Home_Country_Advantage,0.639,0.363,1.759,0.08,-0.077,1.355,0.14
Matches_Played_Before,-0.077,0.176,-0.439,0.661,-0.423,0.269,0.667
Last_Match_Points,-0.271,0.139,-1.947,0.053,-0.546,0.003,0.111
Last_Match_Goal_Diff,0.094,0.084,1.109,0.269,-0.073,0.26,0.196
Opp_Squad_Age,-0.036,0.063,-0.571,0.569,-0.16,0.088,0.613
