Match_ID,Team,Matches_Played_Before,Avg_GF_Before,Avg_GA_Before,Avg_GD_Before,Avg_Pts_Before,Avg_GF_Raw,Avg_GA_Raw,Avg_Pts_Raw
1,Mexico,0,1.35,1.35,0.0,1.0,,,
1,South Africa,0,1.35,1.35,0.0,1.0,,,
2,Czechia,0,1.35,1.35,0.0,1.0,,,
2,Korea Republic,0,1.35,1.35,0.0,1.0,,,
3,Bosnia-Herz,0,1.35,1.35,0.0,1.0,,,
3,Canada,0,1.35,1.35,0.0,1.0,,,
4,Paraguay,0,1.35,1.35,0.0,1.0,,,
4,USA,0,1.35,1.35,0.0,1.0,,,
5,Qatar,0,1.35,1.35,0.0,1.0,,,
5,Switzerland,0,1.35,1.35,0.0,1.0,,,
6,Brazil,0,1.35,1.35,0.0,1.0,,,
6,Morocco,0,1.35,1.35,0.0,1.0,,,
7,Australia,0,1.35,1.35,0.0,1.0,,,
7,Turkiye,0,1.35,1.35,0.0,1.0,,,
8,Haiti,0,1.35,1.35,0.0,1.0,,,
8,Scotland,0,1.35,1.35,0.0,1.0,,,
9,Curacao,0,1.35,1.35,0.0,1.0,,,
9,Germany,0,1.35,1.35,0.0,1.0,,,
10,Japan,0,1.35,1.35,0.0,1.0,,,
10,Netherlands,0,1.35,1.35,0.0,1.0,,,
11,Cote d'Ivoire,0,1.35,1.35,0.0,1.0,,,
11,Ecuador,0,1.35,1.35,0.0,1.0,,,
12,Sweden,0,1.35,1.35,0.0,1.0,,,
12,Tunisia,0,1.35,1.35,0.0,1.0,,,
13,Belgium,0,1.35,1.35,0.0,1.0,,,
13,Egypt,0,1.35,1.35,0.0,1.0,,,
14,Cabo Verde,0,1.35,1.35,0.0,1.0,,,
14,Spain,0,1.35,1.35,0.0,1.0,,,
15,Saudi Arabia,0,1.35,1.35,0.0,1.0,,,
15,Uruguay,0,1.35,1.35,0.0,1.0,,,
16,IR Iran,0,1.35,1.35,0.0,1.0,,,
16,New Zealand,0,1.35,1.35,0.0,1.0,,,
17,France,0,1.35,1.35,0.0,1.0,,,
17,Senegal,0,1.35,1.35,0.0,1.0,,,
18,Iraq,0,1.35,1.35,0.0,1.0,,,
18,Norway,0,1.35,1.35,0.0,1.0,,,
19,Algeria,0,1.35,1.35,0.0,1.0,,,
19,Argentina,0,1.35,1.35,0.0,1.0,,,
20,Austria,0,1.35,1.35,0.0,1.0,,,
20,Jordan,0,1.35,1.35,0.0,1.0,,,
21,Congo DR,0,1.35,1.35,0.0,1.0,,,
21,Portugal,0,1.35,1.35,0.0,1.0,,,
22,Croatia,0,1.35,1.35,0.0,1.0,,,
22,England,0,1.35,1.35,0.0,1.0,,,
23,Ghana,0,1.35,1.35,0.0,1.0,,,
23,Panama,0,1.35,1.35,0.0,1.0,,,
24,Colombia,0,1.35,1.35,0.0,1.0,,,
24,Uzbekistan,0,1.35,1.35,0.0,1.0,,,
25,Czechia,1,1.2333,1.5667,-0.3333,0.6667,1.0,2.0,0.0
25,South Africa,1,0.9,1.5667,-0.6667,0.6667,0.0,2.0,0.0
26,Bosnia-Herz,1,1.2333,1.2333,0.0,1.0,1.0,1.0,1.0
26,Switzerland,1,1.2333,1.2333,0.0,1.0,1.0,1.0,1.0
27,Canada,1,1.2333,1.2333,0.0,1.0,1.0,1.0,1.0
27,Qatar,1,1.2333,1.2333,0.0,1.0,1.0,1.0,1.0
28,Korea Republic,1,1.5667,1.2333,0.3333,1.6667,2.0,1.0,3.0
28,Mexico,1,1.5667,0.9,0.6667,1.6667,2.0,0.0,3.0
29,Australia,1,1.5667,0.9,0.6667,1.6667,2.0,0.0,3.0
29,USA,1,2.2333,1.2333,1.0,1.6667,4.0,1.0,3.0
30,Morocco,1,1.2333,1.2333,0.0,1.0,1.0,1.0,1.0
30,Scotland,1,1.2333,0.9,0.3333,1.6667,1.0,0.0,3.0
31,Paraguay,1,1.2333,2.2333,-1.0,0.6667,1.0,4.0,0.0
31,Turkiye,1,0.9,1.5667,-0.6667,0.6667,0.0,2.0,0.0
32,Brazil,1,1.2333,1.2333,0.0,1.0,1.0,1.0,1.0
32,Haiti,1,0.9,1.2333,-0.3333,0.6667,0.0,1.0,0.0
33,Netherlands,1,1.5667,1.5667,0.0,1.0,2.0,2.0,1.0
33,Sweden,1,2.5667,1.2333,1.3333,1.6667,5.0,1.0,3.0
34,Cote d'Ivoire,1,1.2333,0.9,0.3333,1.6667,1.0,0.0,3.0
34,Germany,1,3.2333,1.2333,2.0,1.6667,7.0,1.0,3.0
35,Curacao,1,1.2333,3.2333,-2.0,0.6667,1.0,7.0,0.0
35,Ecuador,1,0.9,1.2333,-0.3333,0.6667,0.0,1.0,0.0
36,Japan,1,1.5667,1.5667,0.0,1.0,2.0,2.0,1.0
36,Tunisia,1,1.2333,2.5667,-1.3333,0.6667,1.0,5.0,0.0
37,Saudi Arabia,1,1.2333,1.2333,0.0,1.0,1.0,1.0,1.0
37,Spain,1,0.9,0.9,0.0,1.0,0.0,0.0,1.0
38,Belgium,1,1.2333,1.2333,0.0,1.0,1.0,1.0,1.0
38,IR Iran,1,1.5667,1.5667,0.0,1.0,2.0,2.0,1.0
39,Cabo Verde,1,0.9,0.9,0.0,1.0,0.0,0.0,1.0
39,Uruguay,1,1.2333,1.2333,0.0,1.0,1.0,1.0,1.0
40,Egypt,1,1.2333,1.2333,0.0,1.0,1.0,1.0,1.0
40,New Zealand,1,1.5667,1.5667,0.0,1.0,2.0,2.0,1.0
41,Argentina,1,1.9,0.9,1.0,1.6667,3.0,0.0,3.0
41,Austria,1,1.9,1.2333,0.6667,1.6667,3.0,1.0,3.0
42,France,1,1.9,1.2333,0.6667,1.6667,3.0,1.0,3.0
42,Iraq,1,1.2333,2.2333,-1.0,0.6667,1.0,4.0,0.0
43,Norway,1,2.2333,1.2333,1.0,1.6667,4.0,1.0,3.0
43,Senegal,1,1.2333,1.9,-0.6667,0.6667,1.0,3.0,0.0
44,Algeria,1,0.9,1.9,-1.0,0.6667,0.0,3.0,0.0
44,Jordan,1,1.2333,1.9,-0.6667,0.6667,1.0,3.0,0.0
45,Portugal,1,1.2333,1.2333,0.0,1.0,1.0,1.0,1.0
45,Uzbekistan,1,1.2333,1.9,-0.6667,0.6667,1.0,3.0,0.0
46,England,1,2.2333,1.5667,0.6667,1.6667,4.0,2.0,3.0
46,Ghana,1,1.2333,0.9,0.3333,1.6667,1.0,0.0,3.0
47,Croatia,1,1.5667,2.2333,-0.6667,0.6667,2.0,4.0,0.0
47,Panama,1,0.9,1.2333,-0.3333,0.6667,0.0,1.0,0.0
48,Colombia,1,1.9,1.2333,0.6667,1.6667,3.0,1.0,3.0
48,Congo DR,1,1.2333,1.2333,0.0,1.0,1.0,1.0,1.0
49,Canada,2,2.425,0.925,1.5,1.5,3.5,0.5,2.0
49,Switzerland,2,1.925,1.175,0.75,1.5,2.5,1.0,2.0
50,Bosnia-Herz,2,1.175,1.925,-0.75,0.75,1.0,2.5,0.5
50,Qatar,2,0.925,2.425,-1.5,0.75,0.5,3.5,0.5
51,Brazil,2,1.675,0.925,0.75,1.5,2.0,0.5,2.0
51,Scotland,2,0.925,0.925,0.0,1.25,0.5,0.5,1.5
52,Haiti,2,0.675,1.675,-1.0,0.5,0.0,2.0,0.0
52,Morocco,2,1.175,0.925,0.25,1.5,1.0,0.5,2.0
53,Korea Republic,2,1.175,1.175,0.0,1.25,1.0,1.0,1.5
53,South Africa,2,0.925,1.425,-0.5,0.75,0.5,1.5,0.5
54,Czechia,2,1.175,1.425,-0.25,0.75,1.0,1.5,0.5
54,Mexico,2,1.425,0.675,0.75,2.0,1.5,0.0,3.0
55,Cote d'Ivoire,2,1.175,1.175,0.0,1.25,1.0,1.0,1.5
55,Curacao,2,0.925,2.425,-1.5,0.75,0.5,3.5,0.5
56,Ecuador,2,0.675,0.925,-0.25,0.75,0.0,0.5,0.5
56,Germany,2,2.925,1.175,1.75,2.0,4.5,1.0,3.0
57,Netherlands,2,2.425,1.425,1.0,1.5,3.5,1.5,2.0
57,Tunisia,2,0.925,2.925,-2.0,0.5,0.5,4.5,0.0
58,Japan,2,2.175,1.175,1.0,1.5,3.0,1.0,2.0
58,Sweden,2,2.175,2.175,0.0,1.25,3.0,3.0,1.5
59,Turkiye,2,0.675,1.425,-0.75,0.5,0.0,1.5,0.0
59,USA,2,2.175,0.925,1.25,2.0,3.0,0.5,3.0
60,Australia,2,1.175,1.175,0.0,1.25,1.0,1.0,1.5
60,Paraguay,2,1.175,1.675,-0.5,1.25,1.0,2.0,1.5
61,France,2,2.175,0.925,1.25,2.0,3.0,0.5,3.0
61,Norway,2,2.425,1.425,1.0,2.0,3.5,1.5,3.0
62,Iraq,2,0.925,2.425,-1.5,0.5,0.5,3.5,0.0
62,Senegal,2,1.425,2.175,-0.75,0.5,1.5,3.0,0.0
63,Spain,2,1.675,0.675,1.0,1.5,2.0,0.0,2.0
63,Uruguay,2,1.425,1.425,0.0,1.0,1.5,1.5,1.0
64,Cabo Verde,2,1.175,1.175,0.0,1.0,1.0,1.0,1.0
64,Saudi Arabia,2,0.925,1.925,-1.0,0.75,0.5,2.5,0.5
65,Egypt,2,1.675,1.175,0.5,1.5,2.0,1.0,2.0
65,IR Iran,2,1.175,1.175,0.0,1.0,1.0,1.0,1.0
66,Belgium,2,0.925,0.925,0.0,1.0,0.5,0.5,1.0
66,New Zealand,2,1.425,1.925,-0.5,0.75,1.5,2.5,0.5
67,Croatia,2,1.425,1.675,-0.25,1.25,1.5,2.0,1.5
67,Ghana,2,0.925,0.675,0.25,1.5,0.5,0.0,2.0
68,England,2,1.675,1.175,0.5,1.5,2.0,1.0,2.0
68,Panama,2,0.675,1.175,-0.5,0.5,0.0,1.0,0.0
69,Congo DR,2,0.925,1.175,-0.25,0.75,0.5,1.0,0.5
69,Uzbekistan,2,0.925,2.675,-1.75,0.5,0.5,4.0,0.0
70,Colombia,2,1.675,0.925,0.75,2.0,2.0,0.5,3.0
70,Portugal,2,2.175,0.925,1.25,1.5,3.0,0.5,2.0
71,Argentina,2,1.925,0.675,1.25,2.0,2.5,0.0,3.0
71,Jordan,2,1.175,1.925,-0.75,0.5,1.0,2.5,0.0
72,Algeria,2,1.175,1.675,-0.5,1.25,1.0,2.0,1.5
72,Austria,2,1.425,1.425,0.0,1.25,1.5,1.5,1.5
73,Canada,3,2.14,1.14,1.0,1.2,2.6667,1.0,1.3333
73,South Africa,3,0.94,1.14,-0.2,1.2,0.6667,1.0,1.3333
74,Brazil,3,1.94,0.74,1.2,1.8,2.3333,0.3333,2.3333
74,Japan,3,1.94,1.14,0.8,1.4,2.3333,1.0,1.6667
75,Germany,3,2.54,1.34,1.2,1.6,3.3333,1.3333,2.0
75,Paraguay,3,0.94,1.34,-0.4,1.2,0.6667,1.3333,1.3333
76,Morocco,3,1.74,1.14,0.6,1.8,2.0,1.0,2.3333
76,Netherlands,3,2.54,1.34,1.2,1.8,3.3333,1.3333,2.3333
77,Cote d'Ivoire,3,1.34,0.94,0.4,1.6,1.3333,0.6667,2.0
77,Norway,3,2.14,1.94,0.2,1.6,2.6667,2.3333,2.0
78,France,3,2.54,0.94,1.6,2.2,3.3333,0.6667,3.0
78,Sweden,3,1.94,1.94,0.0,1.2,2.3333,2.3333,1.3333
79,Ecuador,3,0.94,0.94,0.0,1.2,0.6667,0.6667,1.3333
79,Mexico,3,1.74,0.54,1.2,2.2,2.0,0.0,3.0
80,Congo DR,3,1.34,1.14,0.2,1.2,1.3333,1.0,1.3333
80,England,3,1.74,0.94,0.8,1.8,2.0,0.6667,2.3333
81,Belgium,3,1.74,0.94,0.8,1.4,2.0,0.6667,1.6667
81,Senegal,3,2.14,1.74,0.4,1.0,2.6667,2.0,1.0
82,Bosnia-Herz,3,1.54,1.74,-0.2,1.2,1.6667,2.0,1.3333
82,USA,3,2.14,1.34,0.8,1.6,2.6667,1.3333,2.0
83,Austria,3,1.74,1.74,0.0,1.2,2.0,2.0,1.3333
83,Spain,3,1.54,0.54,1.0,1.8,1.6667,0.0,2.3333
84,Croatia,3,1.54,1.54,0.0,1.6,1.6667,1.6667,2.0
84,Portugal,3,1.74,0.74,1.0,1.4,2.0,0.3333,1.6667
85,Algeria,3,1.54,1.94,-0.4,1.2,1.6667,2.3333,1.3333
85,Switzerland,3,1.94,1.14,0.8,1.8,2.3333,1.0,2.3333
86,Australia,3,0.94,0.94,0.0,1.2,0.6667,0.6667,1.3333
86,Egypt,3,1.54,1.14,0.4,1.4,1.6667,1.0,1.6667
87,Argentina,3,2.14,0.74,1.4,2.2,2.6667,0.3333,3.0
87,Cabo Verde,3,0.94,0.94,0.0,1.0,0.6667,0.6667,1.0
88,Colombia,3,1.34,0.74,0.6,1.8,1.3333,0.3333,2.3333
88,Ghana,3,0.94,0.94,0.0,1.2,0.6667,0.6667,1.3333
89,Canada,4,1.95,0.95,1.0,1.5,2.25,0.75,1.75
89,Morocco,4,1.6167,1.1167,0.5,1.6667,1.75,1.0,2.0
90,France,4,2.6167,0.7833,1.8333,2.3333,3.25,0.5,3.0
90,Paraguay,4,0.95,1.2833,-0.3333,1.1667,0.75,1.25,1.25
91,Brazil,4,1.95,0.7833,1.1667,2.0,2.25,0.5,2.5
91,Norway,4,2.1167,1.7833,0.3333,1.8333,2.5,2.0,2.25
92,England,4,1.7833,0.95,0.8333,2.0,2.0,0.75,2.5
92,Mexico,4,1.7833,0.45,1.3333,2.3333,2.0,0.0,3.0
93,Portugal,4,1.7833,0.7833,1.0,1.6667,2.0,0.5,2.0
93,Spain,4,1.7833,0.45,1.3333,2.0,2.0,0.0,2.5
94,Belgium,4,1.95,1.1167,0.8333,1.6667,2.25,1.0,2.0
94,USA,4,2.1167,1.1167,1.0,1.8333,2.5,1.0,2.25
95,Argentina,4,2.2833,0.95,1.3333,2.3333,2.75,0.75,3.0
95,Egypt,4,1.45,1.1167,0.3333,1.3333,1.5,1.0,1.5
96,Colombia,4,1.2833,0.6167,0.6667,2.0,1.25,0.25,2.5
96,Switzerland,4,1.95,0.95,1.0,2.0,2.25,0.75,2.5
97,France,5,2.3857,0.6714,1.7143,2.4286,2.8,0.4,3.0
97,Morocco,5,1.8143,0.9571,0.8571,1.8571,2.0,0.8,2.2
98,Belgium,5,2.2429,1.1,1.1429,1.8571,2.6,1.0,2.2
98,Spain,5,1.6714,0.3857,1.2857,2.1429,1.8,0.0,2.6
99,England,5,1.9571,1.1,0.8571,2.1429,2.2,1.0,2.6
99,Norway,5,2.1,1.6714,0.4286,2.0,2.4,1.8,2.4
100,Argentina,5,2.3857,1.1,1.2857,2.4286,2.8,1.0,3.0
100,Switzerland,5,1.6714,0.8143,0.8571,1.8571,1.8,0.6,2.2
101,France,6,2.3375,0.5875,1.75,2.5,2.6667,0.3333,3.0
101,Spain,6,1.7125,0.4625,1.25,2.25,1.8333,0.1667,2.6667
102,Argentina,6,2.4625,1.0875,1.375,2.5,2.8333,1.0,3.0
102,England,6,1.9625,1.0875,0.875,2.25,2.1667,1.0,2.6667
103,England,7,1.8556,1.1889,0.6667,2.0,2.0,1.1429,2.2857
103,France,7,2.0778,0.7444,1.3333,2.2222,2.2857,0.5714,2.5714
104,Argentina,7,2.4111,1.0778,1.3333,2.5556,2.7143,1.0,3.0
104,Spain,7,1.7444,0.4111,1.3333,2.3333,1.8571,0.1429,2.7143
