Match_ID,Team,Home_Country_Advantage,Squad_Age,Opp_Squad_Age,Squad_Age_Diff,Confederation,Opp_Confederation,Same_Confederation
1,Mexico,1,27.6,26.7,0.9,CONCACAF,CAF,0
1,South Africa,0,26.7,27.6,-0.9,CAF,CONCACAF,0
2,Czechia,0,27.8,28.2,-0.4,UEFA,AFC,0
2,Korea Republic,0,28.2,27.8,0.4,AFC,UEFA,0
3,Bosnia-Herz,0,26.6,26.9,-0.3,UEFA,CONCACAF,0
3,Canada,1,26.9,26.6,0.3,CONCACAF,UEFA,0
4,Paraguay,0,28.0,26.7,1.3,CONMEBOL,CONCACAF,0
4,USA,1,26.7,28.0,-1.3,CONCACAF,CONMEBOL,0
5,Qatar,0,29.7,29.4,0.3,AFC,UEFA,0
5,Switzerland,0,29.4,29.7,-0.3,UEFA,AFC,0
6,Brazil,0,29.2,26.0,3.2,CONMEBOL,CAF,0
6,Morocco,0,26.0,29.2,-3.2,CAF,CONMEBOL,0
7,Australia,0,25.3,26.6,-1.3,AFC,UEFA,0
7,Turkiye,0,26.6,25.3,1.3,UEFA,AFC,0
8,Haiti,0,28.6,29.1,-0.5,CONCACAF,UEFA,0
8,Scotland,0,29.1,28.6,0.5,UEFA,CONCACAF,0
9,Curacao,0,28.9,28.1,0.8,CONCACAF,UEFA,0
9,Germany,0,28.1,28.9,-0.8,UEFA,CONCACAF,0
10,Japan,0,27.5,27.2,0.3,AFC,UEFA,0
10,Netherlands,0,27.2,27.5,-0.3,UEFA,AFC,0
11,Cote d'Ivoire,0,25.5,26.8,-1.3,CAF,CONMEBOL,0
11,Ecuador,0,26.8,25.5,1.3,CONMEBOL,CAF,0
12,Sweden,0,26.7,27.4,-0.7,UEFA,CAF,0
12,Tunisia,0,27.4,26.7,0.7,CAF,UEFA,0
13,Belgium,0,29.2,29.3,-0.1,UEFA,CAF,0
13,Egypt,0,29.3,29.2,0.1,CAF,UEFA,0
14,Cabo Verde,0,30.8,26.3,4.5,CAF,UEFA,0
14,Spain,0,26.3,30.8,-4.5,UEFA,CAF,0
15,Saudi Arabia,0,28.6,28.6,0.0,AFC,CONMEBOL,0
15,Uruguay,0,28.6,28.6,0.0,CONMEBOL,AFC,0
16,IR Iran,0,31.7,28.1,3.6,AFC,OFC,0
16,New Zealand,0,28.1,31.7,-3.6,OFC,AFC,0
17,France,0,26.9,28.5,-1.6,UEFA,CAF,0
17,Senegal,0,28.5,26.9,1.6,CAF,UEFA,0
18,Iraq,0,26.4,27.1,-0.7,AFC,UEFA,0
18,Norway,0,27.1,26.4,0.7,UEFA,AFC,0
19,Algeria,0,27.3,29.6,-2.3,CAF,CONMEBOL,0
19,Argentina,0,29.6,27.3,2.3,CONMEBOL,CAF,0
20,Austria,0,28.8,28.2,0.6,UEFA,AFC,0
20,Jordan,0,28.2,28.8,-0.6,AFC,UEFA,0
21,Congo DR,0,28.8,27.7,1.1,CAF,UEFA,0
21,Portugal,0,27.7,28.8,-1.1,UEFA,CAF,0
22,Croatia,0,29.1,26.5,2.6,UEFA,UEFA,1
22,England,0,26.5,29.1,-2.6,UEFA,UEFA,1
23,Ghana,0,27.4,28.8,-1.4,CAF,CONCACAF,0
23,Panama,0,28.8,27.4,1.4,CONCACAF,CAF,0
24,Colombia,0,30.0,26.9,3.1,CONMEBOL,AFC,0
24,Uzbekistan,0,26.9,30.0,-3.1,AFC,CONMEBOL,0
25,Czechia,0,27.8,26.7,1.1,UEFA,CAF,0
25,South Africa,0,26.7,27.8,-1.1,CAF,UEFA,0
26,Bosnia-Herz,0,26.6,29.4,-2.8,UEFA,UEFA,1
26,Switzerland,0,29.4,26.6,2.8,UEFA,UEFA,1
27,Canada,1,26.9,29.7,-2.8,CONCACAF,AFC,0
27,Qatar,0,29.7,26.9,2.8,AFC,CONCACAF,0
28,Korea Republic,0,28.2,27.6,0.6,AFC,CONCACAF,0
28,Mexico,1,27.6,28.2,-0.6,CONCACAF,AFC,0
29,Australia,0,25.3,26.7,-1.4,AFC,CONCACAF,0
29,USA,1,26.7,25.3,1.4,CONCACAF,AFC,0
30,Morocco,0,26.0,29.1,-3.1,CAF,UEFA,0
30,Scotland,0,29.1,26.0,3.1,UEFA,CAF,0
31,Paraguay,0,28.0,26.6,1.4,CONMEBOL,UEFA,0
31,Turkiye,0,26.6,28.0,-1.4,UEFA,CONMEBOL,0
32,Brazil,0,29.2,28.6,0.6,CONMEBOL,CONCACAF,0
32,Haiti,0,28.6,29.2,-0.6,CONCACAF,CONMEBOL,0
33,Netherlands,0,27.2,26.7,0.5,UEFA,UEFA,1
33,Sweden,0,26.7,27.2,-0.5,UEFA,UEFA,1
34,Cote d'Ivoire,0,25.5,28.1,-2.6,CAF,UEFA,0
34,Germany,0,28.1,25.5,2.6,UEFA,CAF,0
35,Curacao,0,28.9,26.8,2.1,CONCACAF,CONMEBOL,0
35,Ecuador,0,26.8,28.9,-2.1,CONMEBOL,CONCACAF,0
36,Japan,0,27.5,27.4,0.1,AFC,CAF,0
36,Tunisia,0,27.4,27.5,-0.1,CAF,AFC,0
37,Saudi Arabia,0,28.6,26.3,2.3,AFC,UEFA,0
37,Spain,0,26.3,28.6,-2.3,UEFA,AFC,0
38,Belgium,0,29.2,31.7,-2.5,UEFA,AFC,0
38,IR Iran,0,31.7,29.2,2.5,AFC,UEFA,0
39,Cabo Verde,0,30.8,28.6,2.2,CAF,CONMEBOL,0
39,Uruguay,0,28.6,30.8,-2.2,CONMEBOL,CAF,0
40,Egypt,0,29.3,28.1,1.2,CAF,OFC,0
40,New Zealand,0,28.1,29.3,-1.2,OFC,CAF,0
41,Argentina,0,29.6,28.8,0.8,CONMEBOL,UEFA,0
41,Austria,0,28.8,29.6,-0.8,UEFA,CONMEBOL,0
42,France,0,26.9,26.4,0.5,UEFA,AFC,0
42,Iraq,0,26.4,26.9,-0.5,AFC,UEFA,0
43,Norway,0,27.1,28.5,-1.4,UEFA,CAF,0
43,Senegal,0,28.5,27.1,1.4,CAF,UEFA,0
44,Algeria,0,27.3,28.2,-0.9,CAF,AFC,0
44,Jordan,0,28.2,27.3,0.9,AFC,CAF,0
45,Portugal,0,27.7,26.9,0.8,UEFA,AFC,0
45,Uzbekistan,0,26.9,27.7,-0.8,AFC,UEFA,0
46,England,0,26.5,27.4,-0.9,UEFA,CAF,0
46,Ghana,0,27.4,26.5,0.9,CAF,UEFA,0
47,Croatia,0,29.1,28.8,0.3,UEFA,CONCACAF,0
47,Panama,0,28.8,29.1,-0.3,CONCACAF,UEFA,0
48,Colombia,0,30.0,28.8,1.2,CONMEBOL,CAF,0
48,Congo DR,0,28.8,30.0,-1.2,CAF,CONMEBOL,0
49,Canada,1,26.9,29.4,-2.5,CONCACAF,UEFA,0
49,Switzerland,0,29.4,26.9,2.5,UEFA,CONCACAF,0
50,Bosnia-Herz,0,26.6,29.7,-3.1,UEFA,AFC,0
50,Qatar,0,29.7,26.6,3.1,AFC,UEFA,0
51,Brazil,0,29.2,29.1,0.1,CONMEBOL,UEFA,0
51,Scotland,0,29.1,29.2,-0.1,UEFA,CONMEBOL,0
52,Haiti,0,28.6,26.0,2.6,CONCACAF,CAF,0
52,Morocco,0,26.0,28.6,-2.6,CAF,CONCACAF,0
53,Korea Republic,0,28.2,26.7,1.5,AFC,CAF,0
53,South Africa,0,26.7,28.2,-1.5,CAF,AFC,0
54,Czechia,0,27.8,27.6,0.2,UEFA,CONCACAF,0
54,Mexico,1,27.6,27.8,-0.2,CONCACAF,UEFA,0
55,Cote d'Ivoire,0,25.5,28.9,-3.4,CAF,CONCACAF,0
55,Curacao,0,28.9,25.5,3.4,CONCACAF,CAF,0
56,Ecuador,0,26.8,28.1,-1.3,CONMEBOL,UEFA,0
56,Germany,0,28.1,26.8,1.3,UEFA,CONMEBOL,0
57,Netherlands,0,27.2,27.4,-0.2,UEFA,CAF,0
57,Tunisia,0,27.4,27.2,0.2,CAF,UEFA,0
58,Japan,0,27.5,26.7,0.8,AFC,UEFA,0
58,Sweden,0,26.7,27.5,-0.8,UEFA,AFC,0
59,Turkiye,0,26.6,26.7,-0.1,UEFA,CONCACAF,0
59,USA,1,26.7,26.6,0.1,CONCACAF,UEFA,0
60,Australia,0,25.3,28.0,-2.7,AFC,CONMEBOL,0
60,Paraguay,0,28.0,25.3,2.7,CONMEBOL,AFC,0
61,France,0,26.9,27.1,-0.2,UEFA,UEFA,1
61,Norway,0,27.1,26.9,0.2,UEFA,UEFA,1
62,Iraq,0,26.4,28.5,-2.1,AFC,CAF,0
62,Senegal,0,28.5,26.4,2.1,CAF,AFC,0
63,Spain,0,26.3,28.6,-2.3,UEFA,CONMEBOL,0
63,Uruguay,0,28.6,26.3,2.3,CONMEBOL,UEFA,0
64,Cabo Verde,0,30.8,28.6,2.2,CAF,AFC,0
64,Saudi Arabia,0,28.6,30.8,-2.2,AFC,CAF,0
65,Egypt,0,29.3,31.7,-2.4,CAF,AFC,0
65,IR Iran,0,31.7,29.3,2.4,AFC,CAF,0
66,Belgium,0,29.2,28.1,1.1,UEFA,OFC,0
66,New Zealand,0,28.1,29.2,-1.1,OFC,UEFA,0
67,Croatia,0,29.1,27.4,1.7,UEFA,CAF,0
67,Ghana,0,27.4,29.1,-1.7,CAF,UEFA,0
68,England,0,26.5,28.8,-2.3,UEFA,CONCACAF,0
68,Panama,0,28.8,26.5,2.3,CONCACAF,UEFA,0
69,Congo DR,0,28.8,26.9,1.9,CAF,AFC,0
69,Uzbekistan,0,26.9,28.8,-1.9,AFC,CAF,0
70,Colombia,0,30.0,27.7,2.3,CONMEBOL,UEFA,0
70,Portugal,0,27.7,30.0,-2.3,UEFA,CONMEBOL,0
71,Argentina,0,29.6,28.2,1.4,CONMEBOL,AFC,0
71,Jordan,0,28.2,29.6,-1.4,AFC,CONMEBOL,0
72,Algeria,0,27.3,28.8,-1.5,CAF,UEFA,0
72,Austria,0,28.8,27.3,1.5,UEFA,CAF,0
73,Canada,0,26.9,26.7,0.2,CONCACAF,CAF,0
73,South Africa,0,26.7,26.9,-0.2,CAF,CONCACAF,0
74,Brazil,0,29.2,27.5,1.7,CONMEBOL,AFC,0
74,Japan,0,27.5,29.2,-1.7,AFC,CONMEBOL,0
75,Germany,0,28.1,28.0,0.1,UEFA,CONMEBOL,0
75,Paraguay,0,28.0,28.1,-0.1,CONMEBOL,UEFA,0
76,Morocco,0,26.0,27.2,-1.2,CAF,UEFA,0
76,Netherlands,0,27.2,26.0,1.2,UEFA,CAF,0
77,Cote d'Ivoire,0,25.5,27.1,-1.6,CAF,UEFA,0
77,Norway,0,27.1,25.5,1.6,UEFA,CAF,0
78,France,0,26.9,26.7,0.2,UEFA,UEFA,1
78,Sweden,0,26.7,26.9,-0.2,UEFA,UEFA,1
79,Ecuador,0,26.8,27.6,-0.8,CONMEBOL,CONCACAF,0
79,Mexico,1,27.6,26.8,0.8,CONCACAF,CONMEBOL,0
80,Congo DR,0,28.8,26.5,2.3,CAF,UEFA,0
80,England,0,26.5,28.8,-2.3,UEFA,CAF,0
81,Belgium,0,29.2,28.5,0.7,UEFA,CAF,0
81,Senegal,0,28.5,29.2,-0.7,CAF,UEFA,0
82,Bosnia-Herz,0,26.6,26.7,-0.1,UEFA,CONCACAF,0
82,USA,1,26.7,26.6,0.1,CONCACAF,UEFA,0
83,Austria,0,28.8,26.3,2.5,UEFA,UEFA,1
83,Spain,0,26.3,28.8,-2.5,UEFA,UEFA,1
84,Croatia,0,29.1,27.7,1.4,UEFA,UEFA,1
84,Portugal,0,27.7,29.1,-1.4,UEFA,UEFA,1
85,Algeria,0,27.3,29.4,-2.1,CAF,UEFA,0
85,Switzerland,0,29.4,27.3,2.1,UEFA,CAF,0
86,Australia,0,25.3,29.3,-4.0,AFC,CAF,0
86,Egypt,0,29.3,25.3,4.0,CAF,AFC,0
87,Argentina,0,29.6,30.8,-1.2,CONMEBOL,CAF,0
87,Cabo Verde,0,30.8,29.6,1.2,CAF,CONMEBOL,0
88,Colombia,0,30.0,27.4,2.6,CONMEBOL,CAF,0
88,Ghana,0,27.4,30.0,-2.6,CAF,CONMEBOL,0
89,Canada,0,26.9,26.0,0.9,CONCACAF,CAF,0
89,Morocco,0,26.0,26.9,-0.9,CAF,CONCACAF,0
90,France,0,26.9,28.0,-1.1,UEFA,CONMEBOL,0
90,Paraguay,0,28.0,26.9,1.1,CONMEBOL,UEFA,0
91,Brazil,0,29.2,27.1,2.1,CONMEBOL,UEFA,0
91,Norway,0,27.1,29.2,-2.1,UEFA,CONMEBOL,0
92,England,0,26.5,27.6,-1.1,UEFA,CONCACAF,0
92,Mexico,1,27.6,26.5,1.1,CONCACAF,UEFA,0
93,Portugal,0,27.7,26.3,1.4,UEFA,UEFA,1
93,Spain,0,26.3,27.7,-1.4,UEFA,UEFA,1
94,Belgium,0,29.2,26.7,2.5,UEFA,CONCACAF,0
94,USA,1,26.7,29.2,-2.5,CONCACAF,UEFA,0
95,Argentina,0,29.6,29.3,0.3,CONMEBOL,CAF,0
95,Egypt,0,29.3,29.6,-0.3,CAF,CONMEBOL,0
96,Colombia,0,30.0,29.4,0.6,CONMEBOL,UEFA,0
96,Switzerland,0,29.4,30.0,-0.6,UEFA,CONMEBOL,0
97,France,0,26.9,26.0,0.9,UEFA,CAF,0
97,Morocco,0,26.0,26.9,-0.9,CAF,UEFA,0
98,Belgium,0,29.2,26.3,2.9,UEFA,UEFA,1
98,Spain,0,26.3,29.2,-2.9,UEFA,UEFA,1
99,England,0,26.5,27.1,-0.6,UEFA,UEFA,1
99,Norway,0,27.1,26.5,0.6,UEFA,UEFA,1
100,Argentina,0,29.6,29.4,0.2,CONMEBOL,UEFA,0
100,Switzerland,0,29.4,29.6,-0.2,UEFA,CONMEBOL,0
101,France,0,26.9,26.3,0.6,UEFA,UEFA,1
101,Spain,0,26.3,26.9,-0.6,UEFA,UEFA,1
102,Argentina,0,29.6,26.5,3.1,CONMEBOL,UEFA,0
102,England,0,26.5,29.6,-3.1,UEFA,CONMEBOL,0
103,England,0,26.5,26.9,-0.4,UEFA,UEFA,1
103,France,0,26.9,26.5,0.4,UEFA,UEFA,1
104,Argentina,0,29.6,26.3,3.3,CONMEBOL,UEFA,0
104,Spain,0,26.3,29.6,-3.3,UEFA,CONMEBOL,0
