Team,FIFA_Rank,FIFA_Points,FIFA_Points_Z
Argentina,1,1877.27,1.8861
Spain,2,1874.71,1.8698
France,3,1870.7,1.8443
England,4,1828.02,1.5729
Portugal,5,1767.85,1.1902
Brazil,6,1765.86,1.1776
Morocco,7,1755.1,1.1092
Netherlands,8,1753.57,1.0994
Belgium,9,1742.24,1.0274
Germany,10,1735.77,0.9862
Croatia,11,1714.87,0.8533
Colombia,13,1698.35,0.7482
Mexico,14,1687.48,0.6791
Senegal,15,1684.07,0.6574
Uruguay,16,1673.07,0.5875
USA,17,1671.23,0.5758
Japan,18,1661.58,0.5144
Switzerland,19,1650.06,0.4411
IR Iran,20,1619.58,0.2473
Turkiye,22,1605.73,0.1592
Ecuador,23,1598.52,0.1134
Austria,24,1597.4,0.1062
Korea Republic,25,1591.63,0.0695
Australia,27,1579.34,-0.0086
Algeria,28,1571.03,-0.0615
Egypt,29,1562.37,-0.1165
Canada,30,1559.48,-0.1349
Norway,31,1557.44,-0.1479
Cote d'Ivoire,33,1540.87,-0.2533
Panama,34,1539.16,-0.2642
Sweden,38,1509.79,-0.4509
Czechia,40,1505.74,-0.4767
Paraguay,41,1505.35,-0.4792
Scotland,42,1503.34,-0.492
Tunisia,45,1476.41,-0.6632
Congo DR,46,1474.43,-0.6758
Uzbekistan,50,1458.73,-0.7757
Qatar,56,1450.31,-0.8292
Iraq,57,1446.28,-0.8548
South Africa,60,1428.38,-0.9687
Saudi Arabia,61,1423.88,-0.9973
Jordan,63,1387.74,-1.2271
Bosnia-Herz,64,1387.22,-1.2304
Cabo Verde,67,1371.11,-1.3329
Ghana,73,1346.88,-1.487
Curacao,82,1294.77,-1.8184
Haiti,83,1293.1,-1.829
New Zealand,85,1275.58,-1.9404
