Match_ID,Team,Opponent,FIFA_Points_Diff,Stage_Level,Rest_Days,Home_Country_Advantage,Matches_Played_Before,Last_Match_Points,Last_Match_Goal_Diff,Opp_Squad_Age,Goals_Scored
19,Algeria,Argentina,-306.24,1,7.0,0,0,1.0,0.0,29.6,0
44,Algeria,Jordan,183.29,1,6.0,0,1,0.0,-3.0,28.2,2
72,Algeria,Austria,-26.37,1,5.0,0,2,3.0,1.0,28.8,3
85,Algeria,Switzerland,-79.03,2,5.0,0,3,1.0,0.0,29.4,0
19,Argentina,Algeria,306.24,1,7.0,0,0,1.0,0.0,27.3,3
41,Argentina,Austria,279.87,1,6.0,0,1,3.0,3.0,28.8,2
71,Argentina,Jordan,489.53,1,5.0,0,2,3.0,2.0,28.2,3
87,Argentina,Cabo Verde,506.16,2,6.0,0,3,3.0,2.0,30.8,3
95,Argentina,Egypt,314.9,3,4.0,0,4,3.0,1.0,29.3,3
100,Argentina,Switzerland,227.21,4,4.0,0,5,3.0,1.0,29.4,3
102,Argentina,England,49.25,5,4.0,0,6,3.0,2.0,26.5,2
104,Argentina,Spain,2.56,6,4.0,0,7,3.0,1.0,26.3,0
7,Australia,Turkiye,-26.39,1,7.0,0,0,1.0,0.0,26.6,2
29,Australia,USA,-91.89,1,6.0,0,1,3.0,2.0,26.7,0
60,Australia,Paraguay,73.99,1,6.0,0,2,0.0,-2.0,28.0,0
86,Australia,Egypt,16.97,2,7.0,0,3,1.0,0.0,29.3,1
20,Austria,Jordan,209.66,1,7.0,0,0,1.0,0.0,28.2,3
41,Austria,Argentina,-279.87,1,6.0,0,1,3.0,2.0,29.6,0
72,Austria,Algeria,26.37,1,5.0,0,2,0.0,-2.0,27.3,3
83,Austria,Spain,-277.31,2,5.0,0,3,1.0,0.0,26.3,0
13,Belgium,Egypt,179.87,1,7.0,0,0,1.0,0.0,29.3,1
38,Belgium,IR Iran,122.66,1,6.0,0,1,1.0,0.0,31.7,0
66,Belgium,New Zealand,466.66,1,5.0,0,2,1.0,0.0,28.1,5
81,Belgium,Senegal,58.17,2,5.0,0,3,3.0,4.0,28.5,3
94,Belgium,USA,71.01,3,5.0,0,4,3.0,1.0,26.7,4
98,Belgium,Spain,-132.47,4,4.0,0,5,3.0,3.0,26.3,1
3,Bosnia-Herz,Canada,-172.26,1,7.0,0,0,1.0,0.0,26.9,1
26,Bosnia-Herz,Switzerland,-262.84,1,6.0,0,1,1.0,0.0,29.4,1
50,Bosnia-Herz,Qatar,-63.09,1,6.0,0,2,0.0,-3.0,29.7,3
82,Bosnia-Herz,USA,-284.01,2,7.0,0,3,3.0,2.0,26.7,0
6,Brazil,Morocco,10.76,1,7.0,0,0,1.0,0.0,26.0,1
32,Brazil,Haiti,472.76,1,6.0,0,1,1.0,0.0,28.6,3
51,Brazil,Scotland,262.52,1,5.0,0,2,3.0,3.0,29.1,3
74,Brazil,Japan,104.28,2,5.0,0,3,3.0,3.0,27.5,2
91,Brazil,Norway,208.42,3,6.0,0,4,3.0,1.0,27.1,1
14,Cabo Verde,Spain,-503.6,1,7.0,0,0,1.0,0.0,26.3,0
39,Cabo Verde,Uruguay,-301.96,1,6.0,0,1,1.0,0.0,28.6,2
64,Cabo Verde,Saudi Arabia,-52.77,1,5.0,0,2,1.0,0.0,28.6,0
87,Cabo Verde,Argentina,-506.16,2,7.0,0,3,1.0,0.0,29.6,2
3,Canada,Bosnia-Herz,172.26,1,7.0,1,0,1.0,0.0,26.6,1
27,Canada,Qatar,109.17,1,6.0,1,1,1.0,0.0,29.7,6
49,Canada,Switzerland,-90.58,1,6.0,1,2,3.0,6.0,29.4,1
73,Canada,South Africa,131.1,2,4.0,0,3,0.0,-1.0,26.7,1
89,Canada,Morocco,-195.62,3,6.0,0,4,3.0,1.0,26.0,0
24,Colombia,Uzbekistan,239.62,1,7.0,0,0,1.0,0.0,26.9,3
48,Colombia,Congo DR,223.92,1,6.0,0,1,3.0,2.0,28.8,1
70,Colombia,Portugal,-69.5,1,4.0,0,2,3.0,1.0,27.7,0
88,Colombia,Ghana,351.47,2,6.0,0,3,1.0,0.0,27.4,1
96,Colombia,Switzerland,48.29,3,4.0,0,4,3.0,1.0,29.4,0
21,Congo DR,Portugal,-293.42,1,7.0,0,0,1.0,0.0,27.7,1
48,Congo DR,Colombia,-223.92,1,6.0,0,1,1.0,0.0,30.0,0
69,Congo DR,Uzbekistan,15.7,1,4.0,0,2,0.0,-1.0,26.9,3
80,Congo DR,England,-353.59,2,4.0,0,3,3.0,2.0,26.5,1
11,Cote d'Ivoire,Ecuador,-57.65,1,7.0,0,0,1.0,0.0,26.8,1
34,Cote d'Ivoire,Germany,-194.9,1,6.0,0,1,3.0,1.0,28.1,1
55,Cote d'Ivoire,Curacao,246.1,1,5.0,0,2,0.0,-1.0,28.9,2
77,Cote d'Ivoire,Norway,-16.57,2,5.0,0,3,3.0,2.0,27.1,1
22,Croatia,England,-113.15,1,7.0,0,0,1.0,0.0,26.5,2
47,Croatia,Panama,175.71,1,6.0,0,1,0.0,-2.0,28.8,1
67,Croatia,Ghana,367.99,1,4.0,0,2,3.0,1.0,27.4,2
84,Croatia,Portugal,-52.98,2,5.0,0,3,3.0,1.0,27.7,1
9,Curacao,Germany,-441.0,1,7.0,0,0,1.0,0.0,28.1,1
35,Curacao,Ecuador,-303.75,1,6.0,0,1,0.0,-6.0,26.8,0
55,Curacao,Cote d'Ivoire,-246.1,1,5.0,0,2,1.0,0.0,25.5,0
2,Czechia,Korea Republic,-85.89,1,7.0,0,0,1.0,0.0,28.2,1
25,Czechia,South Africa,77.36,1,7.0,0,1,0.0,-1.0,26.7,1
54,Czechia,Mexico,-181.74,1,6.0,0,2,1.0,0.0,27.6,0
11,Ecuador,Cote d'Ivoire,57.65,1,7.0,0,0,1.0,0.0,25.5,0
35,Ecuador,Curacao,303.75,1,6.0,0,1,0.0,-1.0,28.9,0
56,Ecuador,Germany,-137.25,1,5.0,0,2,1.0,0.0,28.1,2
79,Ecuador,Mexico,-88.96,2,5.0,0,3,3.0,1.0,27.6,0
13,Egypt,Belgium,-179.87,1,7.0,0,0,1.0,0.0,29.2,1
40,Egypt,New Zealand,286.79,1,6.0,0,1,1.0,0.0,28.1,3
65,Egypt,IR Iran,-57.21,1,5.0,0,2,3.0,2.0,31.7,1
86,Egypt,Australia,-16.97,2,7.0,0,3,1.0,0.0,25.3,1
95,Egypt,Argentina,-314.9,3,4.0,0,4,1.0,0.0,29.6,2
22,England,Croatia,113.15,1,7.0,0,0,1.0,0.0,29.1,4
46,England,Ghana,481.14,1,6.0,0,1,3.0,2.0,27.4,0
68,England,Panama,288.86,1,4.0,0,2,1.0,0.0,28.8,2
80,England,Congo DR,353.59,2,4.0,0,3,3.0,2.0,28.8,2
92,England,Mexico,140.54,3,4.0,0,4,3.0,1.0,27.6,3
99,England,Norway,270.58,4,6.0,0,5,3.0,1.0,27.1,2
102,England,Argentina,-49.25,5,4.0,0,6,3.0,1.0,29.6,1
103,England,France,-42.68,5,3.0,0,7,0.0,-1.0,26.9,6
17,France,Senegal,186.63,1,7.0,0,0,1.0,0.0,28.5,3
42,France,Iraq,424.42,1,6.0,0,1,3.0,2.0,26.4,3
61,France,Norway,313.26,1,4.0,0,2,3.0,3.0,27.1,4
78,France,Sweden,360.91,2,4.0,0,3,3.0,3.0,26.7,3
90,France,Paraguay,365.35,3,4.0,0,4,3.0,3.0,28.0,1
97,France,Morocco,115.6,4,5.0,0,5,3.0,1.0,26.0,2
101,France,Spain,-4.01,5,5.0,0,6,3.0,2.0,26.3,0
103,France,England,42.68,5,4.0,0,7,0.0,-2.0,26.5,4
9,Germany,Curacao,441.0,1,7.0,0,0,1.0,0.0,28.9,7
34,Germany,Cote d'Ivoire,194.9,1,6.0,0,1,3.0,6.0,25.5,2
56,Germany,Ecuador,137.25,1,5.0,0,2,3.0,1.0,26.8,1
75,Germany,Paraguay,230.42,2,4.0,0,3,0.0,-1.0,28.0,1
23,Ghana,Panama,-192.28,1,7.0,0,0,1.0,0.0,28.8,1
46,Ghana,England,-481.14,1,6.0,0,1,3.0,1.0,26.5,0
67,Ghana,Croatia,-367.99,1,4.0,0,2,1.0,0.0,29.1,1
88,Ghana,Colombia,-351.47,2,6.0,0,3,0.0,-1.0,30.0,0
8,Haiti,Scotland,-210.24,1,7.0,0,0,1.0,0.0,29.1,0
32,Haiti,Brazil,-472.76,1,6.0,0,1,0.0,-1.0,29.2,0
52,Haiti,Morocco,-462.0,1,5.0,0,2,0.0,-3.0,26.0,2
16,IR Iran,New Zealand,344.0,1,7.0,0,0,1.0,0.0,28.1,2
38,IR Iran,Belgium,-122.66,1,6.0,0,1,1.0,0.0,29.2,0
65,IR Iran,Egypt,57.21,1,5.0,0,2,1.0,0.0,29.3,1
18,Iraq,Norway,-111.16,1,7.0,0,0,1.0,0.0,27.1,1
42,Iraq,France,-424.42,1,6.0,0,1,0.0,-3.0,26.9,0
62,Iraq,Senegal,-237.79,1,4.0,0,2,0.0,-3.0,28.5,0
10,Japan,Netherlands,-91.99,1,7.0,0,0,1.0,0.0,27.2,2
36,Japan,Tunisia,185.17,1,6.0,0,1,1.0,0.0,27.4,4
58,Japan,Sweden,151.79,1,5.0,0,2,3.0,4.0,26.7,1
74,Japan,Brazil,-104.28,2,4.0,0,3,1.0,0.0,29.2,1
20,Jordan,Austria,-209.66,1,7.0,0,0,1.0,0.0,28.8,1
44,Jordan,Algeria,-183.29,1,6.0,0,1,0.0,-2.0,27.3,1
71,Jordan,Argentina,-489.53,1,5.0,0,2,0.0,-1.0,29.6,1
2,Korea Republic,Czechia,85.89,1,7.0,0,0,1.0,0.0,27.8,2
28,Korea Republic,Mexico,-95.85,1,7.0,0,1,3.0,1.0,27.6,0
53,Korea Republic,South Africa,163.25,1,6.0,0,2,0.0,-1.0,26.7,0
1,Mexico,South Africa,259.1,1,7.0,1,0,1.0,0.0,26.7,2
28,Mexico,Korea Republic,95.85,1,7.0,1,1,3.0,2.0,28.2,1
54,Mexico,Czechia,181.74,1,6.0,1,2,3.0,1.0,27.8,3
79,Mexico,Ecuador,88.96,2,6.0,1,3,3.0,3.0,26.8,2
92,Mexico,England,-140.54,3,5.0,1,4,3.0,2.0,26.5,2
6,Morocco,Brazil,-10.76,1,7.0,0,0,1.0,0.0,29.2,1
30,Morocco,Scotland,251.76,1,6.0,0,1,1.0,0.0,29.1,1
52,Morocco,Haiti,462.0,1,5.0,0,2,3.0,1.0,28.6,4
76,Morocco,Netherlands,1.53,2,5.0,0,3,3.0,2.0,27.2,1
89,Morocco,Canada,195.62,3,5.0,0,4,1.0,0.0,26.9,3
97,Morocco,France,-115.6,4,5.0,0,5,3.0,3.0,26.9,0
10,Netherlands,Japan,91.99,1,7.0,0,0,1.0,0.0,27.5,2
33,Netherlands,Sweden,243.78,1,6.0,0,1,1.0,0.0,26.7,5
57,Netherlands,Tunisia,277.16,1,5.0,0,2,3.0,4.0,27.4,3
76,Netherlands,Morocco,-1.53,2,4.0,0,3,3.0,2.0,26.0,1
16,New Zealand,IR Iran,-344.0,1,7.0,0,0,1.0,0.0,31.7,2
40,New Zealand,Egypt,-286.79,1,6.0,0,1,1.0,0.0,29.3,1
66,New Zealand,Belgium,-466.66,1,5.0,0,2,0.0,-2.0,29.2,1
18,Norway,Iraq,111.16,1,7.0,0,0,1.0,0.0,26.4,4
43,Norway,Senegal,-126.63,1,6.0,0,1,3.0,3.0,28.5,3
61,Norway,France,-313.26,1,4.0,0,2,3.0,1.0,26.9,1
77,Norway,Cote d'Ivoire,16.57,2,4.0,0,3,0.0,-3.0,25.5,2
91,Norway,Brazil,-208.42,3,5.0,0,4,3.0,1.0,29.2,2
99,Norway,England,-270.58,4,6.0,0,5,3.0,1.0,26.5,1
23,Panama,Ghana,192.28,1,7.0,0,0,1.0,0.0,27.4,0
47,Panama,Croatia,-175.71,1,6.0,0,1,0.0,-1.0,29.1,0
68,Panama,England,-288.86,1,4.0,0,2,0.0,-1.0,26.5,0
4,Paraguay,USA,-165.88,1,7.0,0,0,1.0,0.0,26.7,1
31,Paraguay,Turkiye,-100.38,1,7.0,0,1,0.0,-3.0,26.6,1
60,Paraguay,Australia,-73.99,1,6.0,0,2,3.0,1.0,25.3,0
75,Paraguay,Germany,-230.42,2,4.0,0,3,1.0,0.0,28.1,1
90,Paraguay,France,-365.35,3,5.0,0,4,1.0,0.0,26.9,0
21,Portugal,Congo DR,293.42,1,7.0,0,0,1.0,0.0,28.8,1
45,Portugal,Uzbekistan,309.12,1,6.0,0,1,1.0,0.0,26.9,5
70,Portugal,Colombia,69.5,1,4.0,0,2,3.0,5.0,30.0,0
84,Portugal,Croatia,52.98,2,5.0,0,3,1.0,0.0,29.1,2
93,Portugal,Spain,-106.86,3,4.0,0,4,3.0,1.0,26.3,0
5,Qatar,Switzerland,-199.75,1,7.0,0,0,1.0,0.0,29.4,1
27,Qatar,Canada,-109.17,1,5.0,0,1,1.0,0.0,26.9,0
50,Qatar,Bosnia-Herz,63.09,1,6.0,0,2,0.0,-6.0,26.6,1
15,Saudi Arabia,Uruguay,-249.19,1,7.0,0,0,1.0,0.0,28.6,1
37,Saudi Arabia,Spain,-450.83,1,6.0,0,1,1.0,0.0,26.3,0
64,Saudi Arabia,Cabo Verde,52.77,1,5.0,0,2,0.0,-4.0,30.8,0
8,Scotland,Haiti,210.24,1,7.0,0,0,1.0,0.0,28.6,1
30,Scotland,Morocco,-251.76,1,6.0,0,1,3.0,1.0,26.0,0
51,Scotland,Brazil,-262.52,1,5.0,0,2,0.0,-1.0,29.2,0
17,Senegal,France,-186.63,1,7.0,0,0,1.0,0.0,26.9,1
43,Senegal,Norway,126.63,1,6.0,0,1,0.0,-2.0,27.1,2
62,Senegal,Iraq,237.79,1,4.0,0,2,0.0,-1.0,26.4,5
81,Senegal,Belgium,-58.17,2,5.0,0,3,3.0,5.0,29.2,2
1,South Africa,Mexico,-259.1,1,7.0,0,0,1.0,0.0,27.6,0
25,South Africa,Czechia,-77.36,1,7.0,0,1,0.0,-2.0,27.8,1
53,South Africa,Korea Republic,-163.25,1,6.0,0,2,1.0,0.0,28.2,1
73,South Africa,Canada,-131.1,2,4.0,0,3,3.0,1.0,26.9,0
14,Spain,Cabo Verde,503.6,1,7.0,0,0,1.0,0.0,30.8,0
37,Spain,Saudi Arabia,450.83,1,6.0,0,1,1.0,0.0,28.6,4
63,Spain,Uruguay,201.64,1,5.0,0,2,3.0,4.0,28.6,1
83,Spain,Austria,277.31,2,6.0,0,3,3.0,1.0,28.8,3
93,Spain,Portugal,106.86,3,4.0,0,4,3.0,3.0,27.7,1
98,Spain,Belgium,132.47,4,4.0,0,5,3.0,1.0,29.2,2
101,Spain,France,4.01,5,4.0,0,6,3.0,1.0,26.9,2
104,Spain,Argentina,-2.56,6,5.0,0,7,3.0,2.0,29.6,1
12,Sweden,Tunisia,33.38,1,7.0,0,0,1.0,0.0,27.4,5
33,Sweden,Netherlands,-243.78,1,6.0,0,1,3.0,4.0,27.2,1
58,Sweden,Japan,-151.79,1,5.0,0,2,0.0,-4.0,27.5,1
78,Sweden,France,-360.91,2,5.0,0,3,1.0,0.0,26.9,0
5,Switzerland,Qatar,199.75,1,7.0,0,0,1.0,0.0,29.7,1
26,Switzerland,Bosnia-Herz,262.84,1,5.0,0,1,1.0,0.0,26.6,4
49,Switzerland,Canada,90.58,1,6.0,0,2,3.0,3.0,26.9,2
85,Switzerland,Algeria,79.03,2,7.0,0,3,3.0,1.0,27.3,2
96,Switzerland,Colombia,-48.29,3,5.0,0,4,3.0,2.0,30.0,0
100,Switzerland,Argentina,-227.21,4,4.0,0,5,1.0,0.0,29.6,1
12,Tunisia,Sweden,-33.38,1,7.0,0,0,1.0,0.0,26.7,1
36,Tunisia,Japan,-185.17,1,6.0,0,1,0.0,-4.0,27.5,0
57,Tunisia,Netherlands,-277.16,1,5.0,0,2,0.0,-4.0,27.2,1
7,Turkiye,Australia,26.39,1,7.0,0,0,1.0,0.0,25.3,0
31,Turkiye,Paraguay,100.38,1,6.0,0,1,0.0,-2.0,28.0,0
59,Turkiye,USA,-65.5,1,6.0,0,2,0.0,-1.0,26.7,3
4,USA,Paraguay,165.88,1,7.0,1,0,1.0,0.0,28.0,4
29,USA,Australia,91.89,1,7.0,1,1,3.0,3.0,25.3,2
59,USA,Turkiye,65.5,1,6.0,1,2,3.0,2.0,26.6,2
82,USA,Bosnia-Herz,284.01,2,6.0,1,3,0.0,-1.0,26.6,2
94,USA,Belgium,-71.01,3,5.0,1,4,3.0,2.0,29.2,1
15,Uruguay,Saudi Arabia,249.19,1,7.0,0,0,1.0,0.0,28.6,1
39,Uruguay,Cabo Verde,301.96,1,6.0,0,1,1.0,0.0,30.8,2
63,Uruguay,Spain,-201.64,1,5.0,0,2,1.0,0.0,26.3,0
24,Uzbekistan,Colombia,-239.62,1,7.0,0,0,1.0,0.0,30.0,1
45,Uzbekistan,Portugal,-309.12,1,6.0,0,1,0.0,-2.0,27.7,0
69,Uzbekistan,Congo DR,-15.7,1,4.0,0,2,0.0,-5.0,28.8,1
