Match_ID,Team_A,Team_B,FIFA_Points_Diff,Stage_Level,Rest_Days_Diff,Home_Country_Advantage_Diff,Same_Confederation,Squad_Age_Diff,Avg_GF_Before_Diff,Avg_GA_Before_Diff,Goal_Diff
1,Mexico,South Africa,259.1,1,0.0,1,0,0.9,0.0,0.0,2
2,Korea Republic,Czechia,85.89,1,0.0,0,0,0.4,0.0,0.0,1
3,Canada,Bosnia-Herz,172.26,1,0.0,1,0,0.3,0.0,0.0,0
4,USA,Paraguay,165.88,1,0.0,1,0,-1.3,0.0,0.0,3
5,Qatar,Switzerland,-199.75,1,0.0,0,0,0.3,0.0,0.0,0
6,Brazil,Morocco,10.76,1,0.0,0,0,3.2,0.0,0.0,0
7,Australia,Turkiye,-26.39,1,0.0,0,0,-1.3,0.0,0.0,2
8,Haiti,Scotland,-210.24,1,0.0,0,0,-0.5,0.0,0.0,-1
9,Germany,Curacao,441.0,1,0.0,0,0,-0.8,0.0,0.0,6
10,Netherlands,Japan,91.99,1,0.0,0,0,-0.3,0.0,0.0,0
11,Cote d'Ivoire,Ecuador,-57.65,1,0.0,0,0,-1.3,0.0,0.0,1
12,Sweden,Tunisia,33.38,1,0.0,0,0,-0.7,0.0,0.0,4
13,Belgium,Egypt,179.87,1,0.0,0,0,-0.1,0.0,0.0,0
14,Spain,Cabo Verde,503.6,1,0.0,0,0,-4.5,0.0,0.0,0
15,Saudi Arabia,Uruguay,-249.19,1,0.0,0,0,0.0,0.0,0.0,0
16,IR Iran,New Zealand,344.0,1,0.0,0,0,3.6,0.0,0.0,0
17,France,Senegal,186.63,1,0.0,0,0,-1.6,0.0,0.0,2
18,Iraq,Norway,-111.16,1,0.0,0,0,-0.7,0.0,0.0,-3
19,Argentina,Algeria,306.24,1,0.0,0,0,2.3,0.0,0.0,3
20,Austria,Jordan,209.66,1,0.0,0,0,0.6,0.0,0.0,2
21,Portugal,Congo DR,293.42,1,0.0,0,0,-1.1,0.0,0.0,0
22,England,Croatia,113.15,1,0.0,0,1,-2.6,0.0,0.0,2
23,Ghana,Panama,-192.28,1,0.0,0,0,-1.4,0.0,0.0,1
24,Uzbekistan,Colombia,-239.62,1,0.0,0,0,-3.1,0.0,0.0,-2
25,Czechia,South Africa,77.36,1,0.0,0,0,1.1,0.3333,0.0,0
26,Switzerland,Bosnia-Herz,262.84,1,-1.0,0,1,2.8,0.0,0.0,3
27,Canada,Qatar,109.17,1,1.0,1,0,-2.8,0.0,0.0,6
28,Mexico,Korea Republic,95.85,1,0.0,1,0,-0.6,0.0,-0.3333,1
29,USA,Australia,91.89,1,1.0,1,0,1.4,0.6666,0.3333,2
30,Scotland,Morocco,-251.76,1,0.0,0,0,3.1,0.0,-0.3333,-1
31,Turkiye,Paraguay,100.38,1,-1.0,0,0,-1.4,-0.3333,-0.6666,-1
32,Brazil,Haiti,472.76,1,0.0,0,0,0.6,0.3333,0.0,3
33,Netherlands,Sweden,243.78,1,0.0,0,1,0.5,-1.0,0.3334,4
34,Germany,Cote d'Ivoire,194.9,1,0.0,0,0,2.6,2.0,0.3333,1
35,Ecuador,Curacao,303.75,1,0.0,0,0,-2.1,-0.3333,-2.0,0
36,Tunisia,Japan,-185.17,1,0.0,0,0,-0.1,-0.3334,1.0,-4
37,Spain,Saudi Arabia,450.83,1,0.0,0,0,-2.3,-0.3333,-0.3333,4
38,Belgium,IR Iran,122.66,1,0.0,0,0,-2.5,-0.3334,-0.3334,0
39,Uruguay,Cabo Verde,301.96,1,0.0,0,0,-2.2,0.3333,0.3333,0
40,New Zealand,Egypt,-286.79,1,0.0,0,0,-1.2,0.3334,0.3334,-2
41,Argentina,Austria,279.87,1,0.0,0,0,0.8,0.0,-0.3333,2
42,France,Iraq,424.42,1,0.0,0,0,0.5,0.6667,-1.0,3
43,Norway,Senegal,-126.63,1,0.0,0,0,-1.4,1.0,-0.6667,1
44,Jordan,Algeria,-183.29,1,0.0,0,0,0.9,0.3333,0.0,-1
45,Portugal,Uzbekistan,309.12,1,0.0,0,0,0.8,0.0,-0.6667,5
46,England,Ghana,481.14,1,0.0,0,0,-0.9,1.0,0.6667,0
47,Panama,Croatia,-175.71,1,0.0,0,0,-0.3,-0.6667,-1.0,-1
48,Colombia,Congo DR,223.92,1,0.0,0,0,1.2,0.6667,0.0,1
49,Switzerland,Canada,90.58,1,0.0,-1,0,2.5,-0.5,0.25,1
50,Bosnia-Herz,Qatar,-63.09,1,0.0,0,0,-3.1,0.25,-0.5,2
51,Scotland,Brazil,-262.52,1,0.0,0,0,-0.1,-0.75,0.0,-3
52,Morocco,Haiti,462.0,1,0.0,0,0,-2.6,0.5,-0.75,2
53,South Africa,Korea Republic,-163.25,1,0.0,0,0,-1.5,-0.25,0.25,1
54,Czechia,Mexico,-181.74,1,0.0,-1,0,0.2,-0.25,0.75,-3
55,Curacao,Cote d'Ivoire,-246.1,1,0.0,0,0,3.4,-0.25,1.25,-2
56,Ecuador,Germany,-137.25,1,0.0,0,0,-1.3,-2.25,-0.25,1
57,Tunisia,Netherlands,-277.16,1,0.0,0,0,0.2,-1.5,1.5,-2
58,Japan,Sweden,151.79,1,0.0,0,0,0.8,0.0,-1.0,0
59,Turkiye,USA,-65.5,1,0.0,-1,0,-0.1,-1.5,0.5,1
60,Paraguay,Australia,-73.99,1,0.0,0,0,2.7,0.0,0.5,0
61,Norway,France,-313.26,1,0.0,0,1,0.2,0.25,0.5,-3
62,Senegal,Iraq,237.79,1,0.0,0,0,2.1,0.5,-0.25,5
63,Uruguay,Spain,-201.64,1,0.0,0,0,2.3,-0.25,0.75,-1
64,Cabo Verde,Saudi Arabia,-52.77,1,0.0,0,0,2.2,0.25,-0.75,0
65,Egypt,IR Iran,-57.21,1,0.0,0,0,-2.4,0.5,0.0,0
66,New Zealand,Belgium,-466.66,1,0.0,0,0,-1.1,0.5,1.0,-4
67,Croatia,Ghana,367.99,1,0.0,0,0,1.7,0.5,1.0,1
68,Panama,England,-288.86,1,0.0,0,0,2.3,-1.0,0.0,-2
69,Congo DR,Uzbekistan,15.7,1,0.0,0,0,1.9,0.0,-1.5,2
70,Colombia,Portugal,-69.5,1,0.0,0,0,2.3,-0.5,0.0,0
71,Jordan,Argentina,-489.53,1,0.0,0,0,-1.4,-0.75,1.25,-2
72,Algeria,Austria,-26.37,1,0.0,0,0,-1.5,-0.25,0.25,0
73,South Africa,Canada,-131.1,2,0.0,0,0,-0.2,-1.2,0.0,-1
74,Brazil,Japan,104.28,2,1.0,0,0,1.7,0.0,-0.4,1
75,Germany,Paraguay,230.42,2,0.0,0,0,0.1,1.6,0.0,0
76,Netherlands,Morocco,-1.53,2,-1.0,0,0,1.2,0.8,0.2,0
77,Cote d'Ivoire,Norway,-16.57,2,1.0,0,0,-1.6,-0.8,-1.0,-1
78,France,Sweden,360.91,2,-1.0,0,1,0.2,0.6,-1.0,3
79,Mexico,Ecuador,88.96,2,1.0,1,0,0.8,0.8,-0.4,2
80,England,Congo DR,353.59,2,0.0,0,0,-2.3,0.4,-0.2,1
81,Belgium,Senegal,58.17,2,0.0,0,0,0.7,-0.4,-0.8,1
82,USA,Bosnia-Herz,284.01,2,-1.0,1,0,0.1,0.6,-0.4,2
83,Spain,Austria,277.31,2,1.0,0,1,-2.5,-0.2,-1.2,3
84,Portugal,Croatia,52.98,2,0.0,0,1,-1.4,0.2,-0.8,1
85,Switzerland,Algeria,79.03,2,2.0,0,0,2.1,0.4,-0.8,2
86,Australia,Egypt,16.97,2,0.0,0,0,-4.0,-0.6,-0.2,0
87,Argentina,Cabo Verde,506.16,2,-1.0,0,0,-1.2,1.2,-0.2,1
88,Colombia,Ghana,351.47,2,0.0,0,0,2.6,0.4,-0.2,1
89,Canada,Morocco,-195.62,3,1.0,0,0,0.9,0.3333,-0.1667,-3
90,Paraguay,France,-365.35,3,1.0,0,0,1.1,-1.6667,0.5,-1
91,Brazil,Norway,208.42,3,1.0,0,0,2.1,-0.1667,-1.0,-1
92,Mexico,England,-140.54,3,1.0,1,0,1.1,0.0,-0.5,-1
93,Portugal,Spain,-106.86,3,0.0,0,1,1.4,0.0,0.3333,-1
94,USA,Belgium,-71.01,3,0.0,1,0,-2.5,0.1667,0.0,-3
95,Argentina,Egypt,314.9,3,0.0,0,0,0.3,0.8333,-0.1667,1
96,Switzerland,Colombia,-48.29,3,1.0,0,0,-0.6,0.6667,0.3333,0
97,France,Morocco,115.6,4,0.0,0,0,0.9,0.5714,-0.2857,2
98,Spain,Belgium,132.47,4,0.0,0,1,-2.9,-0.5715,-0.7143,1
99,Norway,England,-270.58,4,0.0,0,1,0.6,0.1429,0.5714,-1
100,Argentina,Switzerland,227.21,4,0.0,0,0,0.2,0.7143,0.2857,2
101,France,Spain,-4.01,5,1.0,0,1,0.6,0.625,0.125,-2
102,England,Argentina,-49.25,5,0.0,0,0,-3.1,-0.5,0.0,-1
103,France,England,42.68,5,1.0,0,1,0.4,0.2222,-0.4445,-2
104,Spain,Argentina,-2.56,6,1.0,0,0,-3.3,-0.6667,-0.6667,1
