Round,Date,Time,Home,Score,Away,Venue,Notes
Group stage,2026-06-11,13:00 (05:00),Mexico mx,2–0,za South Africa,Estadio Banorte (Neutral Site),
Group stage,2026-06-11,20:00 (12:00),Korea Republic kr,2–1,cz Czechia,Estadio Akron (Neutral Site),
Group stage,2026-06-12,15:00 (05:00),Canada ca,1–1,ba Bosnia–Herz,BMO Field (Neutral Site),
Group stage,2026-06-12,18:00 (11:00),USA us,4–1,py Paraguay,SoFi Stadium (Neutral Site),
Group stage,2026-06-13,12:00 (05:00),Qatar qa,1–1,ch Switzerland,Levi's Stadium (Neutral Site),
Group stage,2026-06-13,18:00 (08:00),Brazil br,1–1,ma Morocco,MetLife Stadium (Neutral Site),
Group stage,2026-06-13,21:00 (14:00),Australia au,2–0,tr Türkiye,BC Place Stadium (Neutral Site),
Group stage,2026-06-13,21:00 (11:00),Haiti ht,0–1,sct Scotland,Gillette Stadium (Neutral Site),
Group stage,2026-06-14,12:00 (03:00),Germany de,7–1,cw Curaçao,Reliant Stadium (Neutral Site),
Group stage,2026-06-14,15:00 (06:00),Netherlands nl,2–2,jp Japan,AT&T Stadium (Neutral Site),
Group stage,2026-06-14,19:00 (09:00),Côte d'Ivoire ci,1–0,ec Ecuador,Lincoln Financial Field (Neutral Site),
Group stage,2026-06-14,20:00 (12:00),Sweden se,5–1,tn Tunisia,Estadio BBVA (Neutral Site),
Group stage,2026-06-15,12:00 (05:00),Belgium be,1–1,eg Egypt,Lumen Field (Neutral Site),
Group stage,2026-06-15,12:00 (02:00),Spain es,0–0,cv Cabo Verde,Mercedes-Benz Stadium (Neutral Site),
Group stage,2026-06-15,18:00 (08:00),Saudi Arabia sa,1–1,uy Uruguay,Hard Rock Stadium (Neutral Site),
Group stage,2026-06-15,18:00 (11:00),IR Iran ir,2–2,nz New Zealand,SoFi Stadium (Neutral Site),
Group stage,2026-06-16,15:00 (05:00),France fr,3–1,sn Senegal,MetLife Stadium (Neutral Site),
Group stage,2026-06-16,18:00 (08:00),Iraq iq,1–4,no Norway,Gillette Stadium (Neutral Site),
Group stage,2026-06-16,20:00 (11:00),Argentina ar,3–0,dz Algeria,GEHA Field at Arrowhead Stadium (Neutral Site),
Group stage,2026-06-16,21:00 (14:00),Austria at,3–1,jo Jordan,Levi's Stadium (Neutral Site),
Group stage,2026-06-17,12:00 (03:00),Portugal pt,1–1,cd Congo DR,Reliant Stadium (Neutral Site),
Group stage,2026-06-17,15:00 (06:00),England eng,4–2,hr Croatia,AT&T Stadium (Neutral Site),
Group stage,2026-06-17,19:00 (09:00),Ghana gh,1–0,pa Panama,BMO Field (Neutral Site),
Group stage,2026-06-17,20:00 (12:00),Uzbekistan uz,1–3,co Colombia,Estadio Banorte (Neutral Site),
Group stage,2026-06-18,12:00 (02:00),Czechia cz,1–1,za South Africa,Mercedes-Benz Stadium (Neutral Site),
Group stage,2026-06-18,12:00 (05:00),Switzerland ch,4–1,ba Bosnia–Herz,SoFi Stadium (Neutral Site),
Group stage,2026-06-18,15:00 (08:00),Canada ca,6–0,qa Qatar,BC Place Stadium (Neutral Site),
Group stage,2026-06-18,19:00 (11:00),Mexico mx,1–0,kr Korea Republic,Estadio Akron (Neutral Site),
Group stage,2026-06-19,12:00 (05:00),USA us,2–0,au Australia,Lumen Field (Neutral Site),
Group stage,2026-06-19,18:00 (08:00),Scotland sct,0–1,ma Morocco,Gillette Stadium (Neutral Site),
Group stage,2026-06-19,20:00 (13:00),Türkiye tr,0–1,py Paraguay,Levi's Stadium (Neutral Site),
Group stage,2026-06-19,20:30 (10:30),Brazil br,3–0,ht Haiti,Lincoln Financial Field (Neutral Site),
Group stage,2026-06-20,12:00 (03:00),Netherlands nl,5–1,se Sweden,Reliant Stadium (Neutral Site),
Group stage,2026-06-20,16:00 (06:00),Germany de,2–1,ci Côte d'Ivoire,BMO Field (Neutral Site),
Group stage,2026-06-20,19:00 (10:00),Ecuador ec,0–0,cw Curaçao,GEHA Field at Arrowhead Stadium (Neutral Site),
Group stage,2026-06-20,22:00 (14:00),Tunisia tn,0–4,jp Japan,Estadio BBVA (Neutral Site),
Group stage,2026-06-21,12:00 (02:00),Spain es,4–0,sa Saudi Arabia,Mercedes-Benz Stadium (Neutral Site),
Group stage,2026-06-21,12:00 (05:00),Belgium be,0–0,ir IR Iran,SoFi Stadium (Neutral Site),
Group stage,2026-06-21,18:00 (08:00),Uruguay uy,2–2,cv Cabo Verde,Hard Rock Stadium (Neutral Site),
Group stage,2026-06-21,18:00 (11:00),New Zealand nz,1–3,eg Egypt,BC Place Stadium (Neutral Site),
Group stage,2026-06-22,12:00 (03:00),Argentina ar,2–0,at Austria,AT&T Stadium (Neutral Site),
Group stage,2026-06-22,17:00 (07:00),France fr,3–0,iq Iraq,Lincoln Financial Field (Neutral Site),
Group stage,2026-06-22,20:00 (10:00),Norway no,3–2,sn Senegal,MetLife Stadium (Neutral Site),
Group stage,2026-06-22,20:00 (13:00),Jordan jo,1–2,dz Algeria,Levi's Stadium (Neutral Site),
Group stage,2026-06-23,12:00 (03:00),Portugal pt,5–0,uz Uzbekistan,Reliant Stadium (Neutral Site),
Group stage,2026-06-23,16:00 (06:00),England eng,0–0,gh Ghana,Gillette Stadium (Neutral Site),
Group stage,2026-06-23,19:00 (09:00),Panama pa,0–1,hr Croatia,BMO Field (Neutral Site),
Group stage,2026-06-23,20:00 (12:00),Colombia co,1–0,cd Congo DR,Estadio Akron (Neutral Site),
Group stage,2026-06-24,12:00 (05:00),Switzerland ch,2–1,ca Canada,BC Place Stadium (Neutral Site),
Group stage,2026-06-24,12:00 (05:00),Bosnia–Herz ba,3–1,qa Qatar,Lumen Field (Neutral Site),
Group stage,2026-06-24,18:00 (08:00),Scotland sct,0–3,br Brazil,Hard Rock Stadium (Neutral Site),
Group stage,2026-06-24,18:00 (08:00),Morocco ma,4–2,ht Haiti,Mercedes-Benz Stadium (Neutral Site),
Group stage,2026-06-24,19:00 (11:00),South Africa za,1–0,kr Korea Republic,Estadio BBVA (Neutral Site),
Group stage,2026-06-24,19:00 (11:00),Czechia cz,0–3,mx Mexico,Estadio Banorte (Neutral Site),
Group stage,2026-06-25,16:00 (06:00),Curaçao cw,0–2,ci Côte d'Ivoire,Lincoln Financial Field (Neutral Site),
Group stage,2026-06-25,16:00 (06:00),Ecuador ec,2–1,de Germany,MetLife Stadium (Neutral Site),
Group stage,2026-06-25,18:00 (09:00),Tunisia tn,1–3,nl Netherlands,GEHA Field at Arrowhead Stadium (Neutral Site),
Group stage,2026-06-25,18:00 (09:00),Japan jp,1–1,se Sweden,AT&T Stadium (Neutral Site),
Group stage,2026-06-25,19:00 (12:00),Türkiye tr,3–2,us USA,SoFi Stadium (Neutral Site),
Group stage,2026-06-25,19:00 (12:00),Paraguay py,0–0,au Australia,Levi's Stadium (Neutral Site),
Group stage,2026-06-26,15:00 (05:00),Norway no,1–4,fr France,Gillette Stadium (Neutral Site),
Group stage,2026-06-26,15:00 (05:00),Senegal sn,5–0,iq Iraq,BMO Field (Neutral Site),
Group stage,2026-06-26,18:00 (10:00),Uruguay uy,0–1,es Spain,Estadio Akron (Neutral Site),
Group stage,2026-06-26,19:00 (10:00),Cabo Verde cv,0–0,sa Saudi Arabia,Reliant Stadium (Neutral Site),
Group stage,2026-06-26,20:00 (13:00),Egypt eg,1–1,ir IR Iran,Lumen Field (Neutral Site),
Group stage,2026-06-26,20:00 (13:00),New Zealand nz,1–5,be Belgium,BC Place Stadium (Neutral Site),
Group stage,2026-06-27,17:00 (07:00),Croatia hr,2–1,gh Ghana,Lincoln Financial Field (Neutral Site),
Group stage,2026-06-27,17:00 (07:00),Panama pa,0–2,eng England,MetLife Stadium (Neutral Site),
Group stage,2026-06-27,19:30 (09:30),Congo DR cd,3–1,uz Uzbekistan,Mercedes-Benz Stadium (Neutral Site),
Group stage,2026-06-27,19:30 (09:30),Colombia co,0–0,pt Portugal,Hard Rock Stadium (Neutral Site),
Group stage,2026-06-27,21:00 (12:00),Jordan jo,1–3,ar Argentina,AT&T Stadium (Neutral Site),
Group stage,2026-06-27,21:00 (12:00),Algeria dz,3–3,at Austria,GEHA Field at Arrowhead Stadium (Neutral Site),
Round of 32,2026-06-28,12:00 (05:00),South Africa za,0–1,ca Canada,SoFi Stadium (Neutral Site),
Round of 32,2026-06-29,12:00 (03:00),Brazil br,2–1,jp Japan,Reliant Stadium (Neutral Site),
Round of 32,2026-06-29,16:30 (06:30),Germany de,(3) 1–1 (4),py Paraguay,Gillette Stadium (Neutral Site),Paraguay won a penalty shoot-out following extra time
Round of 32,2026-06-29,19:00 (11:00),Netherlands nl,(2) 1–1 (3),ma Morocco,Estadio BBVA (Neutral Site),Morocco won a penalty shoot-out following extra time
Round of 32,2026-06-30,12:00 (03:00),Côte d'Ivoire ci,1–2,no Norway,AT&T Stadium (Neutral Site),
Round of 32,2026-06-30,17:00 (07:00),France fr,3–0,se Sweden,MetLife Stadium (Neutral Site),
Round of 32,2026-06-30,20:00 (12:00),Mexico mx,2–0,ec Ecuador,Estadio Banorte (Neutral Site),
Round of 32,2026-07-01,12:00 (02:00),England eng,2–1,cd Congo DR,Mercedes-Benz Stadium (Neutral Site),
Round of 32,2026-07-01,13:00 (06:00),Belgium be,3–2,sn Senegal,Lumen Field (Neutral Site),Required Extra Time
Round of 32,2026-07-01,17:00 (10:00),USA us,2–0,ba Bosnia–Herz,Levi's Stadium (Neutral Site),
Round of 32,2026-07-02,12:00 (05:00),Spain es,3–0,at Austria,SoFi Stadium (Neutral Site),
Round of 32,2026-07-02,19:00 (09:00),Portugal pt,2–1,hr Croatia,BMO Field (Neutral Site),
Round of 32,2026-07-02,20:00 (13:00),Switzerland ch,2–0,dz Algeria,BC Place Stadium (Neutral Site),
Round of 32,2026-07-03,13:00 (04:00),Australia au,(2) 1–1 (4),eg Egypt,AT&T Stadium (Neutral Site),Egypt won a penalty shoot-out following extra time
Round of 32,2026-07-03,18:00 (08:00),Argentina ar,3–2,cv Cabo Verde,Hard Rock Stadium (Neutral Site),Required Extra Time
Round of 32,2026-07-03,20:30 (11:30),Colombia co,1–0,gh Ghana,GEHA Field at Arrowhead Stadium (Neutral Site),
Round of 16,2026-07-04,12:00 (03:00),Canada ca,0–3,ma Morocco,Reliant Stadium (Neutral Site),
Round of 16,2026-07-04,17:00 (07:00),Paraguay py,0–1,fr France,Lincoln Financial Field (Neutral Site),
Round of 16,2026-07-05,16:00 (06:00),Brazil br,1–2,no Norway,MetLife Stadium (Neutral Site),
Round of 16,2026-07-05,19:00 (11:00),Mexico mx,2–3,eng England,Estadio Banorte (Neutral Site),
Round of 16,2026-07-06,14:00 (05:00),Portugal pt,0–1,es Spain,AT&T Stadium (Neutral Site),
Round of 16,2026-07-06,17:00 (10:00),USA us,1–4,be Belgium,Lumen Field (Neutral Site),
Round of 16,2026-07-07,12:00 (02:00),Argentina ar,3–2,eg Egypt,Mercedes-Benz Stadium (Neutral Site),
Round of 16,2026-07-07,13:00 (06:00),Switzerland ch,(4) 0–0 (3),co Colombia,BC Place Stadium (Neutral Site),Switzerland won a penalty shoot-out following extra time
Quarter-finals,2026-07-09,16:00 (06:00),France fr,2–0,ma Morocco,Gillette Stadium (Neutral Site),
Quarter-finals,2026-07-10,12:00 (05:00),Spain es,2–1,be Belgium,SoFi Stadium (Neutral Site),
Quarter-finals,2026-07-11,17:00 (07:00),Norway no,1–2,eng England,Hard Rock Stadium (Neutral Site),Required Extra Time
Quarter-finals,2026-07-11,20:00 (11:00),Argentina ar,3–1,ch Switzerland,GEHA Field at Arrowhead Stadium (Neutral Site),Required Extra Time
Semi-finals,2026-07-14,14:00 (05:00),France fr,0–2,es Spain,AT&T Stadium (Neutral Site),
Semi-finals,2026-07-15,15:00 (05:00),England eng,1–2,ar Argentina,Mercedes-Benz Stadium (Neutral Site),
Third-place match,2026-07-18,17:00 (07:00),France fr,4–6,eng England,Hard Rock Stadium (Neutral Site),
Final,2026-07-19,15:00 (05:00),Spain es,1–0,ar Argentina,MetLife Stadium (Neutral Site),Required Extra Time
